{
  "2024": {
    "all": {
      "label": "all",
      "picks": 2262,
      "wins": 1346,
      "wr": 59.50486295313882,
      "poly_pct": 0.0,
      "poly_route": 0,
      "poly_route_wr": null,
      "hc": 0,
      "hc_wr": null,
      "pnl": 8914.15999999998,
      "wagered": 59468.0,
      "roi": 14.989843277056535
    },
    "top1": {
      "label": "top1",
      "picks": 210,
      "wins": 120,
      "wr": 57.142857142857146,
      "poly_pct": 0.0,
      "poly_route": 0,
      "poly_route_wr": null,
      "hc": 0,
      "hc_wr": null,
      "pnl": 438.6800000000011,
      "wagered": 5852.0,
      "roi": 7.496240601503778
    },
    "top3": {
      "label": "top3",
      "picks": 597,
      "wins": 384,
      "wr": 64.321608040201,
      "poly_pct": 0.0,
      "poly_route": 0,
      "poly_route_wr": null,
      "hc": 0,
      "hc_wr": null,
      "pnl": 3602.4000000000174,
      "wagered": 17192.0,
      "roi": 20.95393206142402
    },
    "top5": {
      "label": "top5",
      "picks": 969,
      "wins": 620,
      "wr": 63.98348813209494,
      "poly_pct": 0.0,
      "poly_route": 0,
      "poly_route_wr": null,
      "hc": 0,
      "hc_wr": null,
      "pnl": 5727.759999999971,
      "wagered": 29144.0,
      "roi": 19.653307713422905
    }
  },
  "2025": {
    "all": {
      "label": "all",
      "picks": 1634,
      "wins": 980,
      "wr": 59.975520195838435,
      "poly_pct": 97.67441860465117,
      "poly_route": 1347,
      "poly_route_wr": 59.39123979213066,
      "hc": 1150,
      "hc_wr": 60.34782608695652,
      "pnl": 3385.960000000038,
      "wagered": 38704.0,
      "roi": 8.748346424142305
    },
    "top1": {
      "label": "top1",
      "picks": 203,
      "wins": 127,
      "wr": 62.5615763546798,
      "poly_pct": 95.07389162561576,
      "poly_route": 153,
      "poly_route_wr": 66.01307189542484,
      "hc": 153,
      "hc_wr": 66.01307189542484,
      "pnl": 368.47999999999973,
      "wagered": 3940.0,
      "roi": 9.352284263959383
    },
    "top3": {
      "label": "top3",
      "picks": 577,
      "wins": 360,
      "wr": 62.39168110918544,
      "poly_pct": 95.84055459272098,
      "poly_route": 454,
      "poly_route_wr": 63.87665198237885,
      "hc": 452,
      "hc_wr": 63.93805309734513,
      "pnl": 1554.6799999999992,
      "wagered": 11468.0,
      "roi": 13.556679455877216
    },
    "top5": {
      "label": "top5",
      "picks": 923,
      "wins": 587,
      "wr": 63.596966413867825,
      "poly_pct": 96.53304442036837,
      "poly_route": 734,
      "poly_route_wr": 64.57765667574932,
      "hc": 727,
      "hc_wr": 64.64924346629986,
      "pnl": 3142.0800000000245,
      "wagered": 18520.0,
      "roi": 16.96587473002173
    },
    "top1_poly": {
      "label": "top1_poly",
      "picks": 153,
      "wins": 101,
      "wr": 66.01307189542484,
      "poly_pct": 100.0,
      "poly_route": 153,
      "poly_route_wr": 66.01307189542484,
      "hc": 153,
      "hc_wr": 66.01307189542484,
      "pnl": 569.2400000000004,
      "wagered": 2520.0,
      "roi": 22.588888888888903
    },
    "top3_poly": {
      "label": "top3_poly",
      "picks": 454,
      "wins": 290,
      "wr": 63.87665198237885,
      "poly_pct": 100.0,
      "poly_route": 454,
      "poly_route_wr": 63.87665198237885,
      "hc": 452,
      "hc_wr": 63.93805309734513,
      "pnl": 1454.6800000000048,
      "wagered": 7828.0,
      "roi": 18.583035258048096
    },
    "top3_hc": {
      "label": "top3_hc",
      "picks": 452,
      "wins": 289,
      "wr": 63.93805309734513,
      "poly_pct": 100.0,
      "poly_route": 452,
      "poly_route_wr": 63.93805309734513,
      "hc": 452,
      "hc_wr": 63.93805309734513,
      "pnl": 1470.3200000000047,
      "wagered": 7760.0,
      "roi": 18.94742268041243
    },
    "pass": {
      "label": "pass",
      "picks": 287,
      "wins": 180,
      "wr": 62.717770034843205,
      "poly_pct": 86.7595818815331,
      "poly_route": 0,
      "poly_route_wr": null,
      "hc": 0,
      "hc_wr": null,
      "pnl": 1252.159999999996,
      "wagered": 7664.0,
      "roi": 16.338204592901825
    },
    "poly": {
      "label": "poly",
      "picks": 1347,
      "wins": 800,
      "wr": 59.39123979213066,
      "poly_pct": 100.0,
      "poly_route": 1347,
      "poly_route_wr": 59.39123979213066,
      "hc": 1150,
      "hc_wr": 60.34782608695652,
      "pnl": 2133.8000000000047,
      "wagered": 31040.0,
      "roi": 6.874355670103108
    }
  }
}